<?xml version="1.0" encoding="UTF-8"?>
<metadata xml:lang="zh"><Esri><CreaDate>20240401</CreaDate><CreaTime>20314800</CreaTime><ArcGISFormat>1.0</ArcGISFormat><SyncOnce>TRUE</SyncOnce><DataProperties><lineage><Process ToolSource="d:\geosence pro\Resources\ArcToolbox\toolboxes\Spatial Analyst Tools.tbx\ExtractMultiValuesToPoints" Date="20240401" Time="203148">ExtractMultiValuesToPoints 云南省建筑遗产数据集 "Reclass_坡向2 坡向;'高程 ' 高程;坡度 坡度" NONE</Process></lineage></DataProperties></Esri></metadata>
